{
  "method": "gedig",
  "data": "data/hotpotqa_distractor_dev.jsonl",
  "count": 7242,
  "timestamp": "20260114_174808",
  "config": "/Users/miyauchikazuyoshi/Documents/GitHub/InsightSpike-AI/experiments/hotpotqa-benchmark/configs/gedig_hotpotqa.yaml",
  "parameters": {
    "lambda_weight": 0.8,
    "theta_ag": 0.3848959165566958,
    "theta_dg": 0.382520980023853,
    "top_k": 5,
    "max_expansions": 1,
    "max_hops": 3,
    "gamma": 1.0,
    "llm_model": "gpt-4o-mini",
    "llm_temperature": 0.0,
    "llm_max_tokens": 256,
    "expansion_seeds": 2,
    "tfidf_dim": 64
  },
  "tuning": {
    "enabled": true,
    "sample_size": 100,
    "ag_percentile": 50,
    "dg_percentile": 30,
    "theta_ag": 0.3848959165566958,
    "theta_dg": 0.382520980023853
  },
  "em": 0.373,
  "f1": 0.5359,
  "precision": 0.5296,
  "recall": 0.6338,
  "sf_em": 0.0001,
  "sf_f1": 0.3039,
  "sf_precision": 0.2755,
  "sf_recall": 0.4013,
  "latency_p50_ms": 779.44,
  "latency_p95_ms": 18632.45,
  "ag_fire_rate": 0.5465341066003866,
  "dg_fire_rate": 0.26898646782656727,
  "final_ag_fire_rate": 0.5443247721623861,
  "final_dg_fire_rate": 0.29025131179232255,
  "avg_gedig_score": 0.44853364562319475,
  "avg_graph_edges": 10.355840927920465
}