{
  "method": "gedig",
  "data": "data/hotpotqa_distractor_dev.jsonl",
  "count": 7405,
  "timestamp": "20260115_115335",
  "config": "/Users/miyauchikazuyoshi/Documents/GitHub/InsightSpike-AI/experiments/hotpotqa-benchmark/configs/gedig_hotpotqa.yaml",
  "parameters": {
    "lambda_weight": 0.5,
    "theta_ag": 0.8298452871336491,
    "theta_dg": 0.8283613268006225,
    "top_k": 5,
    "max_expansions": 1,
    "max_hops": 3,
    "gamma": 1.0,
    "llm_model": "gpt-4o-mini",
    "llm_temperature": 0.0,
    "llm_max_tokens": 256,
    "expansion_seeds": 2,
    "tfidf_dim": 64
  },
  "tuning": {
    "enabled": true,
    "sample_size": 100,
    "ag_percentile": 50,
    "dg_percentile": 30,
    "theta_ag": 0.8298452871336491,
    "theta_dg": 0.8283613268006225
  },
  "em": 0.3749,
  "f1": 0.5375,
  "precision": 0.5318,
  "recall": 0.6351,
  "sf_em": 0.0001,
  "sf_f1": 0.3043,
  "sf_precision": 0.2122,
  "sf_recall": 0.6214,
  "latency_p50_ms": 872.52,
  "latency_p95_ms": 18545.52,
  "ag_fire_rate": 0.5459824442943957,
  "dg_fire_rate": 0.26941255908170153,
  "final_ag_fire_rate": 0.12937204591492235,
  "final_dg_fire_rate": 0.8153950033760973,
  "avg_gedig_score": 0.7802155589854142,
  "avg_graph_edges": 10.349898717083052
}