{
  "method": "gedig",
  "data": "data/hotpotqa_distractor_dev.jsonl",
  "count": 7403,
  "timestamp": "20260115_114256",
  "config": "/Users/miyauchikazuyoshi/Documents/GitHub/InsightSpike-AI/experiments/hotpotqa-benchmark/configs/gedig_hotpotqa.yaml",
  "parameters": {
    "lambda_weight": 0.5,
    "theta_ag": 0.8298452871336491,
    "theta_dg": 0.8283613268006225,
    "top_k": 5,
    "max_expansions": 1,
    "max_hops": 3,
    "gamma": 1.0,
    "llm_model": "gpt-4o-mini",
    "llm_temperature": 0.0,
    "llm_max_tokens": 256,
    "expansion_seeds": 2,
    "tfidf_dim": 64
  },
  "tuning": {
    "enabled": true,
    "sample_size": 100,
    "ag_percentile": 50,
    "dg_percentile": 30,
    "theta_ag": 0.8298452871336491,
    "theta_dg": 0.8283613268006225
  },
  "em": 0.3747,
  "f1": 0.5374,
  "precision": 0.5316,
  "recall": 0.635,
  "sf_em": 0.0001,
  "sf_f1": 0.3042,
  "sf_precision": 0.2121,
  "sf_recall": 0.6213,
  "latency_p50_ms": 872.39,
  "latency_p95_ms": 18545.52,
  "ag_fire_rate": 0.5459948669458328,
  "dg_fire_rate": 0.269350263406727,
  "final_ag_fire_rate": 0.12940699716331217,
  "final_dg_fire_rate": 0.8153451303525597,
  "avg_gedig_score": 0.7802527901526632,
  "avg_graph_edges": 10.349588004862893
}