{
  "method": "gedig",
  "data": "data/hotpotqa_distractor_dev.jsonl",
  "count": 7402,
  "timestamp": "20260114_221732",
  "config": "/Users/miyauchikazuyoshi/Documents/GitHub/InsightSpike-AI/experiments/hotpotqa-benchmark/configs/gedig_hotpotqa.yaml",
  "parameters": {
    "lambda_weight": 0.8,
    "theta_ag": 0.3848959165566958,
    "theta_dg": 0.382520980023853,
    "top_k": 5,
    "max_expansions": 1,
    "max_hops": 3,
    "gamma": 1.0,
    "llm_model": "gpt-4o-mini",
    "llm_temperature": 0.0,
    "llm_max_tokens": 256,
    "expansion_seeds": 2,
    "tfidf_dim": 64
  },
  "tuning": {
    "enabled": true,
    "sample_size": 100,
    "ag_percentile": 50,
    "dg_percentile": 30,
    "theta_ag": 0.3848959165566958,
    "theta_dg": 0.382520980023853
  },
  "em": 0.3731,
  "f1": 0.5356,
  "precision": 0.5291,
  "recall": 0.6335,
  "sf_em": 0.0001,
  "sf_f1": 0.3043,
  "sf_precision": 0.2743,
  "sf_recall": 0.4066,
  "latency_p50_ms": 783.13,
  "latency_p95_ms": 18628.74,
  "ag_fire_rate": 0.546068630099973,
  "dg_fire_rate": 0.269386652256147,
  "final_ag_fire_rate": 0.5439070521480681,
  "final_dg_fire_rate": 0.2905971359092137,
  "avg_gedig_score": 0.448370972085499,
  "avg_graph_edges": 10.350716022696568
}