{
  "method": "gedig",
  "data": "data/hotpotqa_distractor_dev.jsonl",
  "count": 7405,
  "timestamp": "20260114_233600",
  "config": "/Users/miyauchikazuyoshi/Documents/GitHub/InsightSpike-AI/experiments/hotpotqa-benchmark/configs/gedig_hotpotqa.yaml",
  "parameters": {
    "lambda_weight": 0.8,
    "theta_ag": 0.3848959165566958,
    "theta_dg": 0.382520980023853,
    "top_k": 5,
    "max_expansions": 1,
    "max_hops": 3,
    "gamma": 1.0,
    "llm_model": "gpt-4o-mini",
    "llm_temperature": 0.0,
    "llm_max_tokens": 256,
    "expansion_seeds": 2,
    "tfidf_dim": 64
  },
  "tuning": {
    "enabled": true,
    "sample_size": 100,
    "ag_percentile": 50,
    "dg_percentile": 30,
    "theta_ag": 0.3848959165566958,
    "theta_dg": 0.382520980023853
  },
  "em": 0.3733,
  "f1": 0.5358,
  "precision": 0.5293,
  "recall": 0.6336,
  "sf_em": 0.0001,
  "sf_f1": 0.3043,
  "sf_precision": 0.2743,
  "sf_recall": 0.4067,
  "latency_p50_ms": 783.2,
  "latency_p95_ms": 18628.74,
  "ag_fire_rate": 0.5459824442943957,
  "dg_fire_rate": 0.26941255908170153,
  "final_ag_fire_rate": 0.5438217420661715,
  "final_dg_fire_rate": 0.29061444969615124,
  "avg_gedig_score": 0.44835077993012423,
  "avg_graph_edges": 10.349898717083052
}