{
  "baseline": {
    "success_rate": 0.4166666666666667,
    "avg_steps": 212.03333333333333,
    "avg_edges": 176.3,
    "g0_mean": -0.28296846981833884,
    "gmin_mean": -0.2829891328548158,
    "avg_time_ms_eval": 24.463430898398894,
    "ag_rate": 0.024052821883351675,
    "dg_rate": 0.8703034114132998
  },
  "variant": {
    "success_rate": 0.5625,
    "avg_steps": 198.375,
    "avg_edges": 199.46875,
    "g0_mean": 0.05106629035204478,
    "gmin_mean": 0.04827569651143619,
    "avg_time_ms_eval": 147.3151168199658,
    "ag_rate": 0.232,
    "dg_rate": 0.388
  },
  "delta": {
    "ag_rate": 0.20794717811664834,
    "avg_edges": 23.16874999999999,
    "avg_steps": -13.658333333333331,
    "avg_time_ms_eval": 122.8516859215669,
    "dg_rate": -0.4823034114132998,
    "g0_mean": 0.33403476017038364,
    "gmin_mean": 0.331264829366252,
    "success_rate": 0.14583333333333331
  }
}