{
  "experiment": "hotpotqa_ablation_full_dev_mock",
  "data": "hotpotqa_distractor_dev.jsonl",
  "provider": "mock",
  "variants": {
    "full": {
      "em": 0.0005,
      "f1": 0.061,
      "sf_f1": 0.3497,
      "ag_fire_rate": 0.0,
      "dg_fire_rate": 0.12356515867656989,
      "final_ag_fire_rate": 0.0,
      "final_dg_fire_rate": 0.12356515867656989,
      "avg_gedig_score": 0.14844049568464257,
      "avg_graph_edges": 5.731802835921674,
      "count": 7405,
      "timestamp": "20260119_154355"
    },
    "ag_only": {
      "em": 0.0004,
      "f1": 0.0604,
      "sf_f1": 0.2106,
      "ag_fire_rate": 1.0,
      "dg_fire_rate": 0.0,
      "final_ag_fire_rate": 1.0,
      "final_dg_fire_rate": 0.0,
      "avg_gedig_score": 0.40046531512973327,
      "avg_graph_edges": 24.032545577312625,
      "count": 7405,
      "timestamp": "20260119_154456"
    },
    "dg_only": {
      "em": 0.0005,
      "f1": 0.061,
      "sf_f1": 0.3497,
      "ag_fire_rate": 0.0,
      "dg_fire_rate": 0.12356515867656989,
      "final_ag_fire_rate": 0.0,
      "final_dg_fire_rate": 0.12356515867656989,
      "avg_gedig_score": 0.14844049568464257,
      "avg_graph_edges": 5.731802835921674,
      "count": 7405,
      "timestamp": "20260119_154901"
    }
  }
}