{
  "success_rate": 0.0,
  "avg_steps": 60.0,
  "avg_edges": 60.0,
  "g0_mean": -0.44624295552297166,
  "gmin_mean": -0.454576288856305,
  "avg_k_star": 1.05,
  "avg_delta_sp": 0.0,
  "avg_delta_sp_min": 0.008333333333333331,
  "best_hop_mean": 0.03333333333333333,
  "best_hop_hist_0": 58.0,
  "best_hop_hist_1": 2.0,
  "best_hop_hist_2": 0.0,
  "best_hop_hist_3": 0.0,
  "avg_time_ms_eval": 3.219087350104625,
  "p95_time_ms_eval": 4.84600302297622,
  "ag_rate": 1.0,
  "dg_rate": 0.95,
  "edge_compression_base": "mem",
  "edge_compression": 0.9645599527466037,
  "g0_p95": -2.4550887379796885e-05,
  "g0_min": -0.4999999999985575,
  "g0_max": 0.4999705301640962
}