{
  "success_rate": 0.4166666666666667,
  "avg_steps": 212.03333333333333,
  "avg_edges": 176.3,
  "g0_mean": -0.28296846981833884,
  "gmin_mean": -0.2829891328548158,
  "avg_k_star": 1.096054079547241,
  "avg_delta_sp": 0.0,
  "avg_delta_sp_min": 2.0663036476970924e-05,
  "best_hop_mean": 0.0014934758685741236,
  "best_hop_hist_0": 12715.0,
  "best_hop_hist_1": 0.0,
  "best_hop_hist_2": 2.0,
  "best_hop_hist_3": 5.0,
  "avg_time_ms_eval": 24.463430898398894,
  "p95_time_ms_eval": 3.3674859441816807,
  "ag_rate": 0.024052821883351675,
  "dg_rate": 0.8703034114132998,
  "edge_compression_base": "mem",
  "edge_compression": 0.9910975932025942,
  "g0_p95": 0.2975964202390343,
  "g0_min": -0.4999999999985575,
  "g0_max": 0.5428604735630407
}