{
  "success_rate": 0.0,
  "avg_steps": 60.0,
  "avg_edges": 60.0,
  "g0_mean": -0.44624295552297166,
  "gmin_mean": -0.44624295552297166,
  "avg_k_star": 1.05,
  "avg_delta_sp": 0.0,
  "avg_delta_sp_min": 0.0,
  "best_hop_mean": 0.0,
  "best_hop_hist_0": 60.0,
  "best_hop_hist_1": 0.0,
  "best_hop_hist_2": 0.0,
  "best_hop_hist_3": 0.0,
  "avg_time_ms_eval": 1.1086405351913224,
  "p95_time_ms_eval": 1.1957460083067417,
  "ag_rate": 0.016666666666666666,
  "dg_rate": 0.95,
  "edge_compression_base": "mem",
  "edge_compression": 0.9645599527466037,
  "g0_p95": -2.4550887379796885e-05,
  "g0_min": -0.4999999999985575,
  "g0_max": 0.4999705301640962
}