{
  "success_rate": 1.0,
  "avg_steps": 360.0,
  "avg_edges": 385.0,
  "g0_mean": 0.012158652195254747,
  "gmin_mean": 0.010724521078285316,
  "avg_k_star": 1.1611111111111112,
  "avg_delta_sp": 0.0,
  "avg_delta_sp_min": 0.0014341311169694313,
  "best_hop_mean": 0.06666666666666667,
  "best_hop_hist_0": 353.0,
  "best_hop_hist_1": 1.0,
  "best_hop_hist_2": 1.0,
  "best_hop_hist_3": 5.0,
  "avg_time_ms_eval": 121.56778941231703,
  "p95_time_ms_eval": 895.7709649694152,
  "ag_rate": 0.18333333333333332,
  "dg_rate": 0.5638888888888889,
  "edge_compression_base": "mem",
  "edge_compression": 0.9935975254851745,
  "g0_p95": 0.5179554015667798,
  "g0_min": -0.4999999999985575,
  "g0_max": 0.6563356138863066
}